ym,hour,total_injured,total_killed,pedestrians_injured,pedestrians_killed,cyclists_injured,cyclists_killed,motorists_injured,motorists_killed
12-07,0,86,2,12,0,14,0,60,2
12-07,1,77,1,10,1,6,0,61,0
12-07,10,139,1,36,0,13,0,90,1
12-07,11,143,0,38,0,18,0,87,0
12-07,12,195,0,50,0,14,0,131,0
12-07,13,188,0,31,0,16,0,141,0
12-07,14,252,0,37,0,30,0,185,0
12-07,15,247,0,48,0,21,0,178,0
12-07,16,257,1,61,0,30,0,166,1
12-07,17,218,0,44,0,24,0,150,0
12-07,18,259,0,65,0,39,0,155,0
12-07,19,216,1,42,0,36,1,138,0
12-07,2,56,0,12,0,10,0,34,0
12-07,20,177,3,55,1,23,0,99,2
12-07,21,166,3,43,2,30,0,93,1
12-07,22,186,1,31,0,25,1,130,0
12-07,23,162,2,36,0,15,1,111,1
12-07,3,68,6,5,1,4,0,59,5
12-07,4,60,0,10,0,2,0,48,0
12-07,5,56,0,11,0,2,0,43,0
12-07,6,62,0,9,0,2,0,51,0
12-07,7,83,0,11,0,5,0,67,0
12-07,8,158,0,32,0,12,0,114,0
12-07,9,173,0,35,0,24,0,114,0
12-08,0,104,1,13,1,9,0,82,0
12-08,1,81,1,14,1,7,0,60,0
12-08,10,157,0,41,0,20,0,96,0
12-08,11,147,0,28,0,25,0,94,0
12-08,12,172,1,35,0,12,0,125,1
12-08,13,179,1,40,1,27,0,112,0
12-08,14,245,1,49,0,31,0,165,1
12-08,15,213,0,36,0,32,0,145,0
12-08,16,263,1,54,1,33,0,176,0
12-08,17,272,0,61,0,38,0,173,0
12-08,18,222,1,53,0,32,0,137,1
12-08,19,180,3,47,1,45,0,88,2
12-08,2,66,1,7,0,9,0,50,1
12-08,20,187,1,56,1,36,0,95,0
12-08,21,192,2,51,0,25,1,116,1
12-08,22,173,2,41,2,17,0,115,0
12-08,23,138,1,24,1,13,0,101,0
12-08,3,36,0,8,0,1,0,27,0
12-08,4,74,1,17,1,2,0,55,0
12-08,5,46,0,8,0,3,0,35,0
12-08,6,51,0,8,0,3,0,40,0
12-08,7,75,0,16,0,9,0,50,0
12-08,8,130,1,30,1,10,0,90,0
12-08,9,188,1,36,1,19,0,133,0
12-09,0,77,1,17,0,5,0,55,1
12-09,1,65,0,15,0,4,0,46,0
12-09,10,175,0,47,0,11,0,117,0
12-09,11,150,0,35,0,18,0,97,0
12-09,12,213,2,47,1,22,0,144,1
12-09,13,156,1,30,0,15,0,111,1
12-09,14,209,1,49,1,29,0,131,0
12-09,15,231,1,60,1,30,0,141,0
12-09,16,237,0,59,0,33,0,145,0
12-09,17,254,0,62,0,41,0,151,0
12-09,18,193,0,42,0,35,0,116,0
12-09,19,164,0,48,0,19,0,97,0
12-09,2,82,0,11,0,4,0,67,0
12-09,20,209,2,48,1,28,0,133,1
12-09,21,126,1,38,1,18,0,70,0
12-09,22,170,1,31,1,22,0,117,0
12-09,23,107,5,22,4,9,0,76,1
12-09,3,46,2,8,1,3,0,35,1
12-09,4,91,0,14,0,3,0,74,0
12-09,5,58,0,9,0,2,0,47,0
12-09,6,91,2,21,1,5,1,65,0
12-09,7,90,0,17,0,7,0,66,0
12-09,8,203,0,53,0,16,0,134,0
12-09,9,151,0,39,0,16,0,96,0
12-10,0,61,1,9,1,3,0,48,0
12-10,1,45,1,11,1,5,0,29,0
12-10,10,151,0,35,0,18,0,97,0
12-10,11,182,1,47,1,11,0,124,0
12-10,12,169,0,40,0,21,0,108,0
12-10,13,192,0,52,0,20,0,120,0
12-10,14,223,1,54,1,17,0,152,0
12-10,15,254,0,68,0,24,0,161,0
12-10,16,265,0,52,0,22,0,191,0
12-10,17,206,2,60,2,19,0,126,0
12-10,18,252,1,64,0,27,0,161,1
12-10,19,196,1,57,1,17,0,120,0
12-10,2,50,0,8,0,1,0,41,0
12-10,20,167,1,42,0,15,0,110,1
12-10,21,150,0,35,0,19,0,96,0
12-10,22,120,0,30,0,11,0,79,0
12-10,23,157,2,20,1,15,0,122,1
12-10,3,36,0,11,0,1,0,24,0
12-10,4,44,0,5,0,2,0,37,0
12-10,5,47,1,10,0,1,1,36,0
12-10,6,64,3,27,2,2,0,35,1
12-10,7,109,1,43,1,4,0,62,0
12-10,8,187,0,56,0,11,0,120,0
12-10,9,189,0,47,0,11,0,131,0
12-11,0,61,0,11,0,4,0,46,0
12-11,1,45,0,5,0,2,0,38,0
12-11,10,133,0,50,0,7,0,76,0
12-11,11,150,2,42,1,17,0,91,1
12-11,12,136,0,38,0,12,0,86,0
12-11,13,146,1,52,1,8,0,86,0
12-11,14,173,0,45,0,22,0,106,0
12-11,15,244,0,79,0,12,0,153,0
12-11,16,178,0,59,0,19,0,100,0
12-11,17,242,0,97,0,26,0,119,0
12-11,18,243,2,100,2,18,0,125,0
12-11,19,201,1,66,0,21,0,114,1
12-11,2,41,1,6,0,1,0,34,1
12-11,20,152,0,51,0,15,0,86,0
12-11,21,100,0,24,0,14,0,62,0
12-11,22,116,1,33,0,9,0,74,1
12-11,23,94,1,15,1,8,0,71,0
12-11,3,43,1,8,1,4,0,31,0
12-11,4,55,0,6,0,0,0,49,0
12-11,5,72,2,10,1,3,0,59,1
12-11,6,76,0,18,0,4,0,54,0
12-11,7,111,0,24,0,4,0,83,0
12-11,8,177,0,51,0,16,0,110,0
12-11,9,134,0,39,0,8,0,87,0
12-12,0,80,0,20,0,4,0,56,0
12-12,1,58,1,16,1,4,0,38,0
12-12,10,129,0,34,0,8,0,87,0
12-12,11,137,0,35,0,6,0,96,0
12-12,12,180,0,49,0,10,0,121,0
12-12,13,184,1,56,1,10,0,118,0
12-12,14,206,1,64,1,10,0,132,0
12-12,15,173,0,58,0,15,0,100,0
12-12,16,199,1,75,0,9,0,115,1
12-12,17,255,2,113,2,18,0,124,0
12-12,18,282,4,121,3,20,0,141,1
12-12,19,215,1,89,1,16,0,110,0
12-12,2,72,1,8,0,5,0,59,1
12-12,20,240,1,85,1,15,0,140,0
12-12,21,138,1,45,0,7,0,86,1
12-12,22,130,0,37,0,4,0,89,0
12-12,23,136,0,45,0,6,0,85,0
12-12,3,46,1,13,1,2,0,31,0
12-12,4,61,3,13,1,1,0,47,2
12-12,5,84,1,10,0,0,0,74,1
12-12,6,123,1,48,1,3,0,72,0
12-12,7,127,0,53,0,5,0,69,0
12-12,8,155,2,51,2,11,0,93,0
12-12,9,147,0,42,0,7,0,98,0
13-01,0,70,0,22,0,1,0,47,0
13-01,1,86,1,12,1,1,0,73,0
13-01,10,106,0,29,0,2,0,75,0
13-01,11,127,0,38,0,8,0,81,0
13-01,12,148,2,36,1,9,0,103,1
13-01,13,120,2,44,2,14,0,62,0
13-01,14,166,3,64,3,8,0,94,0
13-01,15,180,1,62,1,10,0,108,0
13-01,16,196,0,53,0,14,0,129,0
13-01,17,216,0,89,0,14,0,113,0
13-01,18,285,4,111,4,25,0,149,0
13-01,19,178,1,75,1,11,0,92,0
13-01,2,62,4,18,1,1,0,43,3
13-01,20,150,1,60,1,14,0,76,0
13-01,21,132,2,50,1,12,0,70,1
13-01,22,88,2,20,1,5,0,63,1
13-01,23,87,0,19,0,5,0,63,0
13-01,3,42,0,7,0,3,0,32,0
13-01,4,49,0,10,0,2,0,37,0
13-01,5,65,0,7,0,6,0,52,0
13-01,6,86,2,41,2,0,0,45,0
13-01,7,109,2,37,1,5,0,67,1
13-01,8,195,0,55,0,7,0,133,0
13-01,9,143,0,37,0,4,0,102,0
13-02,0,73,2,19,2,1,0,53,0
13-02,1,50,1,16,1,1,0,33,0
13-02,10,124,1,37,1,7,0,80,0
13-02,11,117,1,40,1,7,0,70,0
13-02,12,112,0,37,0,6,0,69,0
13-02,13,109,0,29,0,4,0,76,0
13-02,14,196,3,51,0,7,0,138,3
13-02,15,144,1,47,0,8,0,89,1
13-02,16,202,0,69,0,10,0,123,0
13-02,17,131,1,42,1,4,0,85,0
13-02,18,188,2,88,1,7,0,93,1
13-02,19,153,1,73,1,9,0,71,0
13-02,2,31,0,9,0,0,0,22,0
13-02,20,144,2,43,1,21,0,80,1
13-02,21,117,0,43,0,9,0,65,0
13-02,22,101,0,27,0,6,0,68,0
13-02,23,90,0,21,0,4,0,65,0
13-02,3,32,0,5,0,0,0,27,0
13-02,4,36,0,7,0,0,0,29,0
13-02,5,49,0,8,0,1,0,40,0
13-02,6,83,0,32,0,2,0,49,0
13-02,7,92,1,27,1,1,0,64,0
13-02,8,218,0,70,0,6,0,142,0
13-02,9,127,0,41,0,2,0,84,0
13-03,0,82,4,27,0,4,0,51,4
13-03,1,55,0,13,0,3,0,39,0
13-03,10,132,1,37,1,5,0,90,0
13-03,11,162,0,41,0,9,0,112,0
13-03,12,143,1,32,1,4,0,107,0
13-03,13,141,0,36,0,13,0,92,0
13-03,14,174,0,55,0,15,0,104,0
13-03,15,197,0,58,0,11,0,128,0
13-03,16,241,0,60,0,10,0,171,0
13-03,17,230,1,62,1,12,0,156,0
13-03,18,190,0,67,0,14,0,109,0
13-03,19,172,3,74,2,16,0,82,1
13-03,2,42,1,12,1,1,0,29,0
13-03,20,203,0,62,0,15,0,126,0
13-03,21,156,0,54,0,11,0,91,0
13-03,22,144,0,33,0,10,0,101,0
13-03,23,112,0,25,0,6,0,81,0
13-03,3,49,0,4,0,2,0,43,0
13-03,4,60,1,10,0,2,1,48,0
13-03,5,66,1,8,1,0,0,58,0
13-03,6,78,1,13,0,4,0,61,1
13-03,7,109,0,32,0,2,0,75,0
13-03,8,180,0,51,0,7,0,122,0
13-03,9,136,0,32,0,5,0,99,0
13-04,0,70,0,24,0,2,0,44,0
13-04,1,63,0,4,0,4,0,55,0
13-04,10,160,0,45,0,13,0,102,0
13-04,11,146,1,38,1,9,0,99,0
13-04,12,162,1,33,1,12,0,117,0
13-04,13,191,0,49,0,13,0,129,0
13-04,14,239,0,66,0,20,0,153,0
13-04,15,232,1,65,1,16,0,151,0
13-04,16,269,0,66,0,23,0,180,0
13-04,17,227,1,51,1,12,0,164,0
13-04,18,206,0,44,0,21,0,141,0
13-04,19,209,1,54,1,17,0,138,0
13-04,2,53,0,9,0,0,0,44,0
13-04,20,210,1,51,0,26,0,133,1
13-04,21,149,0,34,0,20,0,95,0
13-04,22,115,0,23,0,19,0,73,0
13-04,23,87,1,20,1,8,0,59,0
13-04,3,42,0,6,0,1,0,35,0
13-04,4,67,2,6,0,0,0,61,2
13-04,5,30,0,5,0,1,0,24,0
13-04,6,67,2,9,2,5,0,53,0
13-04,7,111,0,30,0,6,0,75,0
13-04,8,190,0,40,0,11,0,139,0
13-04,9,180,0,42,0,9,0,129,0
13-05,0,72,0,12,0,8,0,52,0
13-05,1,72,1,8,0,2,1,62,0
13-05,10,147,0,35,0,15,0,97,0
13-05,11,160,1,33,0,8,0,119,1
13-05,12,213,1,51,0,27,1,135,0
13-05,13,217,1,52,1,18,0,147,0
13-05,14,274,0,61,0,22,0,191,0
13-05,15,264,1,78,1,26,0,160,0
13-05,16,288,0,56,0,24,0,208,0
13-05,17,246,0,61,0,32,0,153,0
13-05,18,301,0,58,0,32,0,211,0
13-05,19,201,4,54,2,30,0,117,2
13-05,2,39,0,6,0,2,0,31,0
13-05,20,189,1,36,1,22,0,131,0
13-05,21,169,1,45,0,23,0,101,1
13-05,22,164,1,42,0,20,0,102,1
13-05,23,106,0,28,0,7,0,71,0
13-05,3,46,0,6,0,4,0,36,0
13-05,4,61,0,8,0,3,0,50,0
13-05,5,62,1,6,1,2,0,54,0
13-05,6,69,0,13,0,3,0,53,0
13-05,7,131,0,34,0,10,0,87,0
13-05,8,193,0,48,0,9,0,136,0
13-05,9,191,0,58,0,16,0,117,0
13-06,0,123,1,22,1,15,0,86,0
13-06,1,87,0,21,0,2,0,64,0
13-06,10,159,1,40,1,16,0,103,0
13-06,11,174,0,31,0,27,0,116,0
13-06,12,198,1,51,0,26,0,121,1
13-06,13,220,0,36,0,27,0,157,0
13-06,14,233,0,60,0,17,0,156,0
13-06,15,241,0,63,0,25,0,153,0
13-06,16,342,1,86,1,35,0,221,0
13-06,17,265,1,63,0,37,0,165,1
13-06,18,289,1,70,1,41,0,178,0
13-06,19,221,1,52,0,37,1,132,0
13-06,2,49,0,10,0,4,0,35,0
13-06,20,180,1,37,0,30,1,113,0
13-06,21,165,0,45,0,28,0,92,0
13-06,22,152,0,32,0,22,0,98,0
13-06,23,122,2,22,2,14,0,86,0
13-06,3,61,1,11,1,4,0,46,0
13-06,4,48,1,5,0,3,0,40,1
13-06,5,71,0,6,0,6,0,59,0
13-06,6,79,0,11,0,5,0,63,0
13-06,7,105,0,25,0,10,0,70,0
13-06,8,175,1,32,1,23,0,120,0
13-06,9,162,0,36,0,16,0,110,0
13-07,0,112,1,18,1,10,0,84,0
13-07,1,65,1,6,0,7,0,52,1
13-07,10,146,0,25,0,14,0,107,0
13-07,11,181,0,26,0,24,0,131,0
13-07,12,208,3,51,2,18,0,139,1
13-07,13,202,0,41,0,16,0,145,0
13-07,14,249,0,60,0,29,0,160,0
13-07,15,236,0,40,0,15,0,181,0
13-07,16,301,2,60,1,24,0,217,1
13-07,17,277,0,46,0,23,0,208,0
13-07,18,285,1,59,1,38,0,188,0
13-07,19,252,1,59,0,31,0,162,1
13-07,2,64,2,11,0,8,0,45,2
13-07,20,169,1,34,1,30,0,105,0
13-07,21,171,2,35,2,37,0,99,0
13-07,22,163,2,31,2,14,0,118,0
13-07,23,148,0,34,0,15,0,99,0
13-07,3,47,0,10,0,3,0,34,0
13-07,4,62,0,19,0,3,0,40,0
13-07,5,61,4,8,2,4,0,49,2
13-07,6,66,0,11,0,4,0,51,0
13-07,7,108,0,16,0,13,0,79,0
13-07,8,169,0,39,0,17,0,113,0
13-07,9,137,0,31,0,19,0,87,0
13-08,0,114,1,21,0,7,0,86,1
13-08,1,71,1,9,1,12,0,50,0
13-08,10,146,0,38,0,17,0,91,0
13-08,11,163,0,37,0,28,0,98,0
13-08,12,206,0,52,0,19,0,135,0
13-08,13,186,0,37,0,25,0,124,0
13-08,14,232,0,45,0,29,0,158,0
13-08,15,191,0,58,0,22,0,111,0
13-08,16,307,2,53,2,39,0,215,0
13-08,17,269,3,46,0,42,0,181,3
13-08,18,257,2,55,0,48,1,154,1
13-08,19,222,0,45,0,39,0,138,0
13-08,2,54,2,7,1,1,0,46,1
13-08,20,203,3,65,2,32,0,106,1
13-08,21,150,1,49,0,25,0,76,1
13-08,22,187,0,28,0,19,0,140,0
13-08,23,139,1,24,1,17,0,98,0
13-08,3,52,5,13,2,2,0,37,3
13-08,4,51,3,8,0,1,0,42,3
13-08,5,46,1,3,1,7,0,36,0
13-08,6,60,1,7,1,6,0,47,0
13-08,7,91,0,18,0,9,0,64,0
13-08,8,113,0,28,0,10,0,75,0
13-08,9,146,0,32,0,17,0,97,0
13-09,0,85,0,12,0,10,0,63,0
13-09,1,65,1,10,1,6,0,49,0
13-09,10,171,0,40,0,18,0,113,0
13-09,11,140,3,34,3,16,0,90,0
13-09,12,158,1,37,0,21,0,100,1
13-09,13,223,0,50,0,29,0,144,0
13-09,14,210,1,61,1,32,0,117,0
13-09,15,237,3,63,1,21,0,153,2
13-09,16,345,3,74,0,41,0,230,3
13-09,17,307,0,57,0,36,0,214,0
13-09,18,227,0,69,0,36,0,122,0
13-09,19,194,1,57,1,29,0,108,0
13-09,2,64,1,12,1,3,0,49,0
13-09,20,194,1,53,0,23,0,118,1
13-09,21,137,0,32,0,19,0,86,0
13-09,22,154,1,29,1,18,0,107,0
13-09,23,117,1,25,1,11,0,81,0
13-09,3,54,1,7,0,4,0,43,1
13-09,4,37,0,10,0,2,0,25,0
13-09,5,74,0,16,0,3,0,55,0
13-09,6,78,0,19,0,2,0,57,0
13-09,7,118,0,39,0,12,0,67,0
13-09,8,214,0,44,0,19,0,151,0
13-09,9,200,0,44,0,22,0,134,0
13-10,0,71,1,10,1,8,0,53,0
13-10,1,62,0,10,0,2,0,50,0
13-10,10,176,1,46,1,13,0,117,0
13-10,11,129,0,38,0,20,0,71,0
13-10,12,178,1,47,0,16,0,115,1
13-10,13,208,0,42,0,18,0,148,0
13-10,14,226,0,74,0,18,0,134,0
13-10,15,222,0,68,0,23,0,131,0
13-10,16,282,0,79,0,37,0,166,0
13-10,17,253,1,50,1,27,0,176,0
13-10,18,227,0,63,0,37,0,127,0
13-10,19,248,3,71,3,40,0,137,0
13-10,2,62,0,6,0,2,0,54,0
13-10,20,191,1,56,1,35,0,100,0
13-10,21,147,1,31,1,18,0,98,0
13-10,22,99,1,27,0,9,0,63,1
13-10,23,101,1,22,0,8,1,71,0
13-10,3,43,0,10,0,1,0,32,0
13-10,4,34,3,7,1,1,0,26,2
13-10,5,38,0,5,0,3,0,30,0
13-10,6,79,1,27,0,3,1,49,0
13-10,7,123,1,34,1,13,0,76,0
13-10,8,244,1,61,1,19,0,164,0
13-10,9,205,0,64,0,16,0,125,0
13-11,0,59,2,15,1,6,0,38,1
13-11,1,65,2,8,0,0,0,57,2
13-11,10,149,3,44,3,8,0,97,0
13-11,11,185,1,42,1,13,0,130,0
13-11,12,159,2,43,2,12,0,104,0
13-11,13,182,0,38,0,15,0,129,0
13-11,14,202,1,72,1,20,0,110,0
13-11,15,188,2,45,2,16,0,127,0
13-11,16,200,0,39,0,17,0,144,0
13-11,17,264,3,112,3,27,0,125,0
13-11,18,265,0,111,0,24,0,130,0
13-11,19,228,1,69,0,27,0,132,1
13-11,2,54,0,8,0,3,0,43,0
13-11,20,213,1,65,1,23,0,125,0
13-11,21,149,0,40,0,6,0,103,0
13-11,22,115,1,42,1,5,0,68,0
13-11,23,95,0,15,0,5,0,75,0
13-11,3,49,0,7,0,0,0,42,0
13-11,4,62,0,11,0,2,0,49,0
13-11,5,60,0,10,0,5,0,45,0
13-11,6,65,2,21,2,3,0,41,0
13-11,7,127,2,29,2,6,0,92,0
13-11,8,206,0,51,0,11,0,144,0
13-11,9,165,0,53,0,7,0,105,0
13-12,0,74,0,26,0,5,0,43,0
13-12,1,56,0,10,0,1,0,45,0
13-12,10,138,0,39,0,6,0,93,0
13-12,11,139,1,35,1,7,0,97,0
13-12,12,147,0,55,0,5,0,87,0
13-12,13,185,0,45,0,9,0,131,0
13-12,14,192,1,59,0,13,0,120,1
13-12,15,172,0,42,0,11,0,119,0
13-12,16,184,3,62,1,8,0,114,2
13-12,17,244,4,115,4,13,0,116,0
13-12,18,267,0,104,0,15,0,148,0
13-12,19,192,1,80,1,15,0,97,0
13-12,2,49,1,7,0,1,0,41,1
13-12,20,184,0,68,0,12,0,104,0
13-12,21,125,0,51,0,11,0,63,0
13-12,22,127,0,35,0,5,0,87,0
13-12,23,97,0,28,0,5,0,64,0
13-12,3,48,1,11,1,1,0,36,0
13-12,4,74,0,10,0,0,0,64,0
13-12,5,57,1,15,0,0,0,42,1
13-12,6,70,0,30,0,4,0,36,0
13-12,7,92,2,27,2,3,0,62,0
13-12,8,168,0,46,0,6,0,116,0
13-12,9,145,0,42,0,6,0,97,0
14-01,0,73,0,13,0,2,0,58,0
14-01,1,43,1,7,0,4,1,32,0
14-01,10,126,0,45,0,1,0,80,0
14-01,11,143,0,39,0,4,0,100,0
14-01,12,147,0,53,0,10,0,84,0
14-01,13,146,1,35,0,5,0,106,1
14-01,14,174,1,64,0,7,0,103,1
14-01,15,167,1,50,0,6,0,111,1
14-01,16,189,1,65,1,9,0,115,0
14-01,17,243,2,95,2,9,0,139,0
14-01,18,233,2,110,2,15,0,108,0
14-01,19,183,1,78,0,7,0,98,1
14-01,2,50,0,3,0,1,0,46,0
14-01,20,132,3,45,3,12,0,75,0
14-01,21,114,1,32,1,7,0,75,0
14-01,22,84,0,30,0,4,0,50,0
14-01,23,82,0,23,0,1,0,58,0
14-01,3,37,0,3,0,0,0,34,0
14-01,4,57,1,7,1,0,0,50,0
14-01,5,53,1,7,0,1,0,45,1
14-01,6,73,1,32,1,3,0,38,0
14-01,7,99,0,42,0,2,0,55,0
14-01,8,180,0,55,0,3,0,122,0
14-01,9,159,0,44,0,0,0,115,0
14-02,0,71,0,13,0,2,0,56,0
14-02,1,31,0,8,0,1,0,22,0
14-02,10,100,1,29,1,1,0,70,0
14-02,11,111,1,30,1,6,0,75,0
14-02,12,114,0,32,0,2,0,80,0
14-02,13,128,0,34,0,9,0,85,0
14-02,14,130,1,46,1,7,0,77,0
14-02,15,115,2,45,1,1,0,69,1
14-02,16,147,0,36,0,11,0,100,0
14-02,17,113,1,33,1,4,0,76,0
14-02,18,143,0,50,0,12,0,81,0
14-02,19,134,0,42,0,4,0,88,0
14-02,2,26,0,2,0,1,0,23,0
14-02,20,136,0,55,0,10,0,71,0
14-02,21,93,0,38,0,2,0,53,0
14-02,22,95,0,33,0,3,0,59,0
14-02,23,67,0,23,0,2,0,42,0
14-02,3,19,0,5,0,0,0,14,0
14-02,4,42,0,8,0,0,0,34,0
14-02,5,41,0,7,0,0,0,34,0
14-02,6,68,1,18,0,0,1,50,0
14-02,7,72,0,20,0,4,0,48,0
14-02,8,185,0,56,0,2,0,127,0
14-02,9,144,1,46,1,3,0,95,0
14-03,0,57,0,20,0,4,0,33,0
14-03,1,43,0,11,0,2,0,30,0
14-03,10,118,0,34,0,5,0,79,0
14-03,11,108,0,22,0,2,0,84,0
14-03,12,150,0,34,0,11,0,105,0
14-03,13,152,0,40,0,11,0,99,0
14-03,14,160,1,43,1,14,0,103,0
14-03,15,208,2,83,1,9,0,116,1
14-03,16,230,0,55,0,8,0,167,0
14-03,17,182,2,39,1,12,0,131,1
14-03,18,191,0,55,0,13,0,123,0
14-03,19,178,0,68,0,23,0,87,0
14-03,2,50,1,12,0,0,0,38,1
14-03,20,168,1,63,1,9,0,96,0
14-03,21,121,0,48,0,9,0,64,0
14-03,22,134,2,39,2,7,0,88,0
14-03,23,109,0,34,0,6,0,69,0
14-03,3,18,0,2,0,1,0,15,0
14-03,4,60,0,7,0,0,0,53,0
14-03,5,37,0,10,0,0,0,27,0
14-03,6,75,0,19,0,2,0,53,0
14-03,7,77,1,19,1,1,0,57,0
14-03,8,151,1,38,0,8,0,105,1
14-03,9,125,2,39,1,10,0,76,1
14-04,0,57,0,13,0,2,0,42,0
14-04,1,39,0,6,0,2,0,31,0
14-04,10,109,0,28,0,12,0,69,0
14-04,11,137,0,31,0,7,0,99,0
14-04,12,165,0,37,0,11,0,117,0
14-04,13,170,0,46,0,23,0,101,0
14-04,14,191,2,41,1,19,0,131,1
14-04,15,207,3,51,2,19,0,137,1
14-04,16,225,1,53,0,17,1,155,0
14-04,17,173,1,41,1,16,0,116,0
14-04,18,181,1,51,0,17,0,113,1
14-04,19,185,0,59,0,22,0,104,0
14-04,2,43,0,5,0,3,0,35,0
14-04,20,214,0,63,0,29,0,122,0
14-04,21,140,0,47,0,21,0,72,0
14-04,22,137,4,34,0,11,0,92,4
14-04,23,99,2,27,1,7,0,65,1
14-04,3,31,0,5,0,0,0,26,0
14-04,4,41,2,10,0,0,0,31,2
14-04,5,42,1,14,1,2,0,26,0
14-04,6,47,0,8,0,5,0,34,0
14-04,7,117,0,34,0,7,0,76,0
14-04,8,202,1,55,1,15,0,132,0
14-04,9,116,0,29,0,19,0,68,0
14-05,0,76,0,17,0,8,0,51,0
14-05,1,54,0,8,0,1,0,45,0
14-05,10,132,1,34,0,15,0,83,1
14-05,11,111,1,38,1,11,0,62,0
14-05,12,168,1,42,0,20,0,106,1
14-05,13,159,1,35,1,21,0,103,0
14-05,14,222,0,48,0,25,0,149,0
14-05,15,240,2,67,1,22,0,151,1
14-05,16,260,1,51,1,33,0,176,0
14-05,17,290,1,71,0,34,0,185,1
14-05,18,183,2,58,0,19,0,106,2
14-05,19,169,0,39,0,24,0,106,0
14-05,2,60,0,6,0,3,0,51,0
14-05,20,137,1,35,1,16,0,86,0
14-05,21,168,1,47,0,27,1,94,0
14-05,22,148,0,33,0,17,0,98,0
14-05,23,119,0,30,0,12,0,77,0
14-05,3,59,1,8,0,1,0,50,1
14-05,4,60,0,9,0,2,0,49,0
14-05,5,58,2,8,1,1,0,49,1
14-05,6,58,0,7,0,6,0,45,0
14-05,7,98,1,27,1,10,0,61,0
14-05,8,198,1,44,0,12,1,142,0
14-05,9,172,1,37,1,24,0,111,0
14-06,0,96,0,16,0,12,0,68,0
14-06,1,55,0,12,0,3,0,40,0
14-06,10,157,0,29,0,17,0,111,0
14-06,11,168,2,57,1,16,0,95,1
14-06,12,150,1,36,0,22,1,92,0
14-06,13,170,1,32,1,20,0,118,0
14-06,14,243,3,56,0,24,1,163,2
14-06,15,245,0,59,0,25,0,161,0
14-06,16,233,1,58,0,37,0,138,1
14-06,17,269,0,47,0,33,0,189,0
14-06,18,259,0,86,0,30,0,143,0
14-06,19,253,1,56,0,50,0,147,1
14-06,2,68,1,9,1,2,0,57,0
14-06,20,203,0,52,0,33,0,118,0
14-06,21,141,1,39,1,23,0,79,0
14-06,22,159,1,26,0,15,0,118,1
14-06,23,154,0,20,0,16,0,118,0
14-06,3,56,0,7,0,3,0,46,0
14-06,4,57,1,7,0,4,1,46,0
14-06,5,55,0,8,0,1,0,46,0
14-06,6,76,1,15,1,6,0,55,0
14-06,7,84,0,34,0,5,0,45,0
14-06,8,245,1,54,0,15,0,176,1
14-06,9,173,1,49,1,24,0,100,0
14-07,0,123,0,21,0,13,0,89,0
14-07,1,80,1,13,0,4,0,63,1
14-07,10,109,0,29,0,18,0,62,0
14-07,11,157,2,36,2,25,0,96,0
14-07,12,164,1,39,1,18,0,107,0
14-07,13,202,2,48,2,27,0,127,0
14-07,14,208,1,36,0,27,1,145,0
14-07,15,208,1,32,0,26,0,150,1
14-07,16,248,3,39,1,31,0,178,2
14-07,17,271,0,54,0,35,0,182,0
14-07,18,243,1,47,0,45,0,151,1
14-07,19,208,1,50,0,38,0,120,1
14-07,2,54,1,9,0,5,0,40,1
14-07,20,161,3,35,3,37,0,89,0
14-07,21,191,1,48,1,32,0,111,0
14-07,22,173,0,31,0,29,0,113,0
14-07,23,136,0,34,0,17,0,85,0
14-07,3,28,0,7,0,2,0,19,0
14-07,4,43,1,7,1,5,0,31,0
14-07,5,54,0,7,0,4,0,43,0
14-07,6,39,0,4,0,5,0,30,0
14-07,7,71,1,13,1,8,0,50,0
14-07,8,142,0,31,0,23,0,88,0
14-07,9,147,3,26,1,18,1,103,1
14-08,0,83,0,15,0,7,0,61,0
14-08,1,72,0,4,0,7,0,61,0
14-08,10,119,0,25,0,6,0,88,0
14-08,11,148,0,36,0,18,0,94,0
14-08,12,146,0,30,0,25,0,91,0
14-08,13,182,0,44,0,22,0,116,0
14-08,14,219,1,40,1,28,0,151,0
14-08,15,196,0,46,0,23,0,127,0
14-08,16,263,0,55,0,37,0,171,0
14-08,17,229,0,34,0,31,0,164,0
14-08,18,232,0,51,0,34,0,147,0
14-08,19,203,0,46,0,34,0,123,0
14-08,2,58,1,5,1,7,0,46,0
14-08,20,223,1,44,1,55,0,124,0
14-08,21,158,0,33,0,23,0,102,0
14-08,22,120,0,24,0,27,0,69,0
14-08,23,128,0,14,0,14,0,100,0
14-08,3,62,0,9,0,9,0,44,0
14-08,4,50,2,10,1,1,0,39,1
14-08,5,39,1,7,0,0,1,32,0
14-08,6,47,1,8,1,4,0,35,0
14-08,7,79,1,17,1,7,0,55,0
14-08,8,147,2,33,2,20,0,94,0
14-08,9,151,2,30,0,26,2,95,0
14-09,0,50,1,12,0,9,1,29,0
14-09,1,56,0,7,0,10,0,39,0
14-09,10,123,1,24,1,13,0,86,0
14-09,11,133,0,29,0,17,0,87,0
14-09,12,155,0,42,0,11,0,102,0
14-09,13,173,3,35,2,25,0,113,1
14-09,14,181,0,46,0,30,0,105,0
14-09,15,196,0,33,0,32,0,131,0
14-09,16,267,2,54,1,37,0,176,1
14-09,17,243,1,38,1,37,0,168,0
14-09,18,254,0,47,0,38,0,169,0
14-09,19,191,2,42,1,30,0,119,1
14-09,2,32,0,9,0,0,0,23,0
14-09,20,190,0,39,0,33,0,118,0
14-09,21,148,0,36,0,25,0,87,0
14-09,22,122,3,21,1,16,0,85,2
14-09,23,116,0,25,0,11,0,80,0
14-09,3,51,1,5,1,1,0,45,0
14-09,4,40,0,6,0,3,0,31,0
14-09,5,41,1,5,1,6,0,30,0
14-09,6,70,0,11,0,3,0,56,0
14-09,7,89,1,19,0,12,0,58,1
14-09,8,225,1,48,1,17,0,160,0
14-09,9,154,2,31,1,24,0,99,1
14-10,0,83,0,15,0,11,0,57,0
14-10,1,69,1,14,1,4,0,51,0
14-10,10,104,0,28,0,15,0,61,0
14-10,11,157,0,43,0,21,0,93,0
14-10,12,178,2,31,2,31,0,116,0
14-10,13,196,1,44,1,19,0,133,0
14-10,14,224,1,53,1,23,0,148,0
14-10,15,206,0,58,0,20,0,128,0
14-10,16,273,0,64,0,29,0,180,0
14-10,17,216,0,54,0,28,0,134,0
14-10,18,241,1,57,1,29,0,155,0
14-10,19,220,1,75,1,16,0,129,0
14-10,2,39,0,5,0,4,0,30,0
14-10,20,213,0,61,0,33,0,119,0
14-10,21,177,1,42,1,31,0,104,0
14-10,22,170,0,31,0,18,0,121,0
14-10,23,125,0,18,0,7,0,100,0
14-10,3,36,0,2,0,4,0,30,0
14-10,4,71,1,9,1,3,0,59,0
14-10,5,62,1,8,1,2,0,52,0
14-10,6,98,1,37,1,4,0,57,0
14-10,7,113,1,35,1,13,0,65,0
14-10,8,212,0,58,0,15,0,139,0
14-10,9,170,0,37,0,14,0,119,0
14-11,0,79,0,12,0,5,0,62,0
14-11,1,75,0,14,0,3,0,58,0
14-11,10,124,0,36,0,11,0,77,0
14-11,11,139,0,39,0,9,0,91,0
14-11,12,158,2,41,0,9,0,108,2
14-11,13,161,0,39,0,16,0,106,0
14-11,14,195,1,45,1,17,0,133,0
14-11,15,185,0,52,0,18,0,115,0
14-11,16,180,1,48,1,17,0,115,0
14-11,17,265,3,97,2,22,0,146,1
14-11,18,234,2,84,1,25,0,125,1
14-11,19,209,0,72,0,20,0,117,0
14-11,2,49,1,8,1,0,0,41,0
14-11,20,191,0,67,0,25,0,99,0
14-11,21,141,2,32,1,14,1,95,0
14-11,22,125,1,31,1,8,0,86,0
14-11,23,85,0,29,0,6,0,50,0
14-11,3,61,0,9,0,4,0,48,0
14-11,4,61,0,10,0,1,0,50,0
14-11,5,53,0,13,0,2,0,38,0
14-11,6,73,1,30,0,4,1,39,0
14-11,7,89,0,31,0,5,0,53,0
14-11,8,196,1,51,0,10,0,135,1
14-11,9,121,1,26,1,5,0,90,0
14-12,0,70,0,20,0,3,0,47,0
14-12,1,71,0,7,0,1,0,63,0
14-12,10,105,0,26,0,7,0,72,0
14-12,11,124,0,44,0,6,0,74,0
14-12,12,135,0,35,0,9,0,91,0
14-12,13,168,0,51,0,12,0,105,0
14-12,14,196,0,46,0,14,0,136,0
14-12,15,183,0,57,0,11,0,115,0
14-12,16,173,1,48,1,9,0,116,0
14-12,17,266,1,141,1,13,0,112,0
14-12,18,261,5,114,4,13,0,134,1
14-12,19,202,0,98,0,23,0,81,0
14-12,2,46,0,6,0,2,0,38,0
14-12,20,203,1,84,1,8,0,111,0
14-12,21,154,0,63,0,6,0,84,0
14-12,22,118,0,37,0,5,0,76,0
14-12,23,115,1,25,0,6,0,84,1
14-12,3,33,0,8,0,1,0,24,0
14-12,4,47,0,5,0,1,0,41,0
14-12,5,46,1,13,1,0,0,33,0
14-12,6,95,1,39,1,5,0,51,0
14-12,7,101,0,29,0,4,0,68,0
14-12,8,146,0,42,0,7,0,97,0
14-12,9,116,0,36,0,7,0,73,0
15-01,0,66,0,11,0,4,0,51,0
15-01,1,41,0,8,0,4,0,29,0
15-01,10,109,1,23,1,3,0,83,0
15-01,11,93,0,38,0,2,0,53,0
15-01,12,130,0,46,0,6,0,78,0
15-01,13,132,0,35,0,8,0,89,0
15-01,14,147,0,55,0,8,0,84,0
15-01,15,180,0,56,0,8,0,116,0
15-01,16,152,0,40,0,2,0,110,0
15-01,17,175,3,71,3,8,0,96,0
15-01,18,193,1,88,1,7,0,98,0
15-01,19,153,3,77,1,7,1,69,1
15-01,2,56,0,10,0,2,0,44,0
15-01,20,138,0,45,0,8,0,85,0
15-01,21,129,1,27,0,8,0,94,1
15-01,22,81,1,22,1,8,0,51,0
15-01,23,62,1,16,0,3,0,43,1
15-01,3,44,0,6,0,0,0,38,0
15-01,4,45,0,7,0,0,0,38,0
15-01,5,38,0,5,0,2,0,31,0
15-01,6,51,0,22,0,0,0,29,0
15-01,7,87,0,19,0,2,0,66,0
15-01,8,171,0,40,0,2,0,129,0
15-01,9,122,2,34,1,4,0,84,1
15-02,0,56,0,16,0,3,0,37,0
15-02,1,48,0,10,0,0,0,38,0
15-02,10,61,0,15,0,0,0,46,0
15-02,11,91,1,23,1,4,0,64,0
15-02,12,87,0,27,0,4,0,56,0
15-02,13,120,0,34,0,5,0,81,0
15-02,14,118,1,47,1,5,0,66,0
15-02,15,128,0,43,0,3,0,82,0
15-02,16,175,0,42,0,5,0,128,0
15-02,17,112,1,24,1,6,0,82,0
15-02,18,148,1,57,0,6,0,85,1
15-02,19,118,2,48,1,8,0,62,1
15-02,2,40,0,5,0,2,0,33,0
15-02,20,89,1,27,1,5,0,57,0
15-02,21,53,1,24,0,3,0,26,1
15-02,22,62,2,21,2,4,0,37,0
15-02,23,46,1,14,1,1,0,31,0
15-02,3,37,0,6,0,0,0,31,0
15-02,4,39,0,5,0,1,0,33,0
15-02,5,30,0,5,0,0,0,25,0
15-02,6,33,0,19,0,0,0,14,0
15-02,7,66,1,17,1,0,0,49,0
15-02,8,150,0,49,0,2,0,99,0
15-02,9,95,0,24,0,1,0,70,0
15-03,0,69,1,16,1,3,0,50,0
15-03,1,34,0,7,0,2,0,25,0
15-03,10,105,0,28,0,5,0,72,0
15-03,11,99,0,27,0,8,0,64,0
15-03,12,128,0,32,0,5,0,91,0
15-03,13,151,0,42,0,11,0,98,0
15-03,14,188,1,46,1,14,0,128,0
15-03,15,193,1,54,1,9,0,130,0
15-03,16,205,1,57,0,9,0,139,1
15-03,17,197,0,45,0,10,0,142,0
15-03,18,180,2,34,2,18,0,128,0
15-03,19,151,0,44,0,9,0,98,0
15-03,2,36,0,6,0,1,0,29,0
15-03,20,147,0,50,0,10,0,87,0
15-03,21,135,0,39,0,11,0,85,0
15-03,22,101,0,32,0,5,0,64,0
15-03,23,67,0,14,0,3,0,50,0
15-03,3,17,0,2,0,1,0,14,0
15-03,4,28,0,4,0,0,0,24,0
15-03,5,44,0,8,0,0,0,36,0
15-03,6,65,0,20,0,2,0,43,0
15-03,7,80,0,13,0,4,0,63,0
15-03,8,182,1,51,1,3,0,128,0
15-03,9,157,1,40,1,7,0,110,0
15-04,0,78,0,17,0,8,0,53,0
15-04,1,62,3,10,0,2,0,50,3
15-04,10,117,0,33,0,6,0,78,0
15-04,11,155,1,36,1,15,0,104,0
15-04,12,132,2,30,0,9,1,93,1
15-04,13,146,0,30,0,21,0,95,0
15-04,14,181,0,43,0,20,0,118,0
15-04,15,157,0,41,0,13,0,103,0
15-04,16,241,0,50,0,22,0,169,0
15-04,17,216,1,59,0,18,1,139,0
15-04,18,197,0,42,0,29,0,126,0
15-04,19,127,2,28,0,24,0,75,2
15-04,2,45,0,3,0,0,0,42,0
15-04,20,158,0,39,0,28,0,91,0
15-04,21,127,1,29,1,14,0,84,0
15-04,22,110,1,16,0,8,0,86,1
15-04,23,81,0,13,0,10,0,58,0
15-04,3,42,1,5,1,0,0,37,0
15-04,4,49,0,5,0,0,0,44,0
15-04,5,56,2,13,1,4,0,39,1
15-04,6,49,0,2,0,4,0,43,0
15-04,7,78,0,19,0,13,0,46,0
15-04,8,118,0,35,0,5,0,78,0
15-04,9,132,0,25,0,8,0,99,0
15-05,0,118,0,20,0,9,0,89,0
15-05,1,70,3,7,1,4,0,59,2
15-05,10,143,0,37,0,14,0,92,0
15-05,11,125,0,24,0,11,0,90,0
15-05,12,157,1,37,0,16,0,104,1
15-05,13,164,0,38,0,15,0,111,0
15-05,14,245,1,39,1,33,0,173,0
15-05,15,216,2,54,2,27,0,135,0
15-05,16,258,1,50,1,31,0,177,0
15-05,17,278,2,54,1,35,0,189,1
15-05,18,251,0,60,0,32,0,159,0
15-05,19,198,3,43,2,46,0,109,1
15-05,2,40,0,7,0,1,0,32,0
15-05,20,202,1,41,1,35,0,126,0
15-05,21,152,2,44,2,23,0,85,0
15-05,22,163,2,33,1,21,0,109,1
15-05,23,124,2,17,1,14,1,93,0
15-05,3,65,0,11,0,5,0,49,0
15-05,4,46,1,5,1,4,0,37,0
15-05,5,40,0,3,0,4,0,33,0
15-05,6,49,0,7,0,3,0,39,0
15-05,7,131,1,17,0,10,0,104,1
15-05,8,177,0,36,0,16,0,125,0
15-05,9,165,2,33,2,15,0,117,0
15-06,0,78,1,14,1,11,0,53,0
15-06,1,87,0,8,0,2,0,77,0
15-06,10,151,1,34,0,16,1,101,0
15-06,11,128,1,35,1,20,0,73,0
15-06,12,184,0,38,0,19,0,127,0
15-06,13,220,0,38,0,20,0,162,0
15-06,14,246,1,46,1,23,0,177,0
15-06,15,230,0,54,0,23,0,153,0
15-06,16,273,1,36,0,32,0,205,1
15-06,17,218,3,40,2,37,0,141,1
15-06,18,212,0,38,0,27,0,147,0
15-06,19,208,0,46,0,30,0,132,0
15-06,2,50,0,10,0,6,0,34,0
15-06,20,151,1,34,0,26,0,91,1
15-06,21,153,1,40,0,17,0,96,1
15-06,22,175,0,34,0,28,0,113,0
15-06,23,137,0,22,0,13,0,102,0
15-06,3,37,1,6,0,2,0,29,1
15-06,4,49,3,3,0,1,0,45,3
15-06,5,31,1,5,0,0,0,26,1
15-06,6,58,0,7,0,5,0,46,0
15-06,7,78,0,22,0,7,0,49,0
15-06,8,185,0,47,0,18,0,120,0
15-06,9,146,1,19,0,13,0,114,1
15-07,0,99,0,18,0,12,0,69,0
15-07,1,68,0,12,0,7,0,49,0
15-07,10,125,1,26,1,12,0,87,0
15-07,11,128,0,23,0,18,0,87,0
15-07,12,173,0,40,0,17,0,116,0
15-07,13,224,0,37,0,36,0,151,0
15-07,14,225,1,40,0,39,1,146,0
15-07,15,201,0,32,0,32,0,137,0
15-07,16,222,0,32,0,34,0,156,0
15-07,17,268,1,59,0,41,0,168,1
15-07,18,262,5,44,0,35,0,183,5
15-07,19,184,0,34,0,36,0,114,0
15-07,2,48,0,5,0,9,0,34,0
15-07,20,154,1,31,1,26,0,97,0
15-07,21,186,0,34,0,27,0,125,0
15-07,22,174,1,35,1,20,0,119,0
15-07,23,131,1,20,0,28,1,83,0
15-07,3,38,0,7,0,2,0,29,0
15-07,4,51,0,10,0,2,0,39,0
15-07,5,46,0,6,0,5,0,35,0
15-07,6,81,0,5,0,7,0,69,0
15-07,7,82,1,12,0,15,1,55,0
15-07,8,160,0,35,0,25,0,100,0
15-07,9,154,0,30,0,17,0,107,0
15-08,0,111,2,19,1,17,0,75,1
15-08,1,84,2,16,1,7,0,61,1
15-08,10,127,0,31,0,14,0,82,0
15-08,11,153,0,30,0,22,0,101,0
15-08,12,164,0,27,0,27,0,110,0
15-08,13,149,1,34,1,27,0,88,0
15-08,14,220,0,30,0,27,0,163,0
15-08,15,194,2,48,2,28,0,118,0
15-08,16,266,1,40,1,52,0,174,0
15-08,17,233,3,44,1,30,1,159,1
15-08,18,256,1,47,0,48,1,161,0
15-08,19,237,1,45,0,40,1,152,0
15-08,2,68,0,8,0,2,0,58,0
15-08,20,172,1,42,1,28,0,102,0
15-08,21,208,0,43,0,40,0,125,0
15-08,22,156,0,26,0,19,0,111,0
15-08,23,105,1,14,0,12,0,79,1
15-08,3,58,0,11,0,2,0,45,0
15-08,4,60,1,5,1,3,0,52,0
15-08,5,45,0,11,0,0,0,34,0
15-08,6,43,0,4,0,4,0,35,0
15-08,7,94,0,12,0,15,0,67,0
15-08,8,150,0,35,0,19,0,96,0
15-08,9,146,1,30,1,24,0,92,0
15-09,0,80,1,13,1,10,0,57,0
15-09,1,83,1,9,0,9,0,65,1
15-09,10,145,0,31,0,16,0,98,0
15-09,11,125,0,26,0,22,0,77,0
15-09,12,172,1,36,0,25,0,111,1
15-09,13,192,0,45,0,23,0,124,0
15-09,14,203,0,48,0,27,0,128,0
15-09,15,235,0,46,0,38,0,151,0
15-09,16,267,0,59,0,38,0,170,0
15-09,17,240,1,49,0,35,1,156,0
15-09,18,215,0,48,0,35,0,132,0
15-09,19,164,0,29,0,34,0,101,0
15-09,2,66,1,10,1,8,0,48,0
15-09,20,206,1,44,0,33,0,129,1
15-09,21,141,0,40,0,24,0,77,0
15-09,22,108,0,22,0,20,0,66,0
15-09,23,117,1,23,0,14,1,80,0
15-09,3,48,0,2,0,0,0,46,0
15-09,4,45,0,8,0,2,0,35,0
15-09,5,48,0,11,0,2,0,35,0
15-09,6,64,0,13,0,4,0,47,0
15-09,7,75,0,14,0,15,0,46,0
15-09,8,162,0,34,0,15,0,113,0
15-09,9,162,2,33,1,20,0,109,1
15-10,0,85,0,17,0,11,0,57,0
15-10,1,42,1,8,1,1,0,33,0
15-10,10,151,1,45,1,8,0,98,0
15-10,11,189,0,49,0,20,0,120,0
15-10,12,152,1,40,1,19,0,93,0
15-10,13,196,2,52,1,22,0,122,1
15-10,14,181,0,57,0,19,0,105,0
15-10,15,237,0,78,0,20,0,139,0
15-10,16,250,1,61,0,31,0,158,1
15-10,17,253,1,66,1,35,0,152,0
15-10,18,239,1,59,0,26,0,154,1
15-10,19,231,2,82,2,28,0,121,0
15-10,2,56,0,14,0,4,0,38,0
15-10,20,217,0,56,0,32,0,129,0
15-10,21,165,1,34,1,21,0,110,0
15-10,22,123,0,37,0,15,0,71,0
15-10,23,110,2,25,2,13,0,72,0
15-10,3,29,1,5,0,0,0,24,1
15-10,4,42,0,3,0,3,0,36,0
15-10,5,33,1,13,0,1,0,19,1
15-10,6,53,0,18,0,5,0,30,0
15-10,7,105,0,33,0,12,0,60,0
15-10,8,226,2,54,0,14,2,158,0
15-10,9,188,1,43,1,14,0,131,0
15-11,0,78,1,11,1,5,0,62,0
15-11,1,50,0,4,0,5,0,41,0
15-11,10,115,2,36,2,15,0,64,0
15-11,11,151,2,39,1,12,0,100,1
15-11,12,152,0,48,0,13,0,91,0
15-11,13,158,1,38,1,27,0,93,0
15-11,14,191,0,48,0,22,0,121,0
15-11,15,185,0,52,0,15,0,118,0
15-11,16,201,2,54,2,17,0,130,0
15-11,17,301,1,109,1,41,0,151,0
15-11,18,268,0,102,0,26,0,140,0
15-11,19,189,3,71,3,23,0,95,0
15-11,2,53,0,6,0,2,0,45,0
15-11,20,160,0,48,0,18,0,94,0
15-11,21,127,2,26,2,11,0,90,0
15-11,22,133,1,29,1,12,0,92,0
15-11,23,81,0,14,0,5,0,62,0
15-11,3,48,0,10,0,0,0,38,0
15-11,4,47,0,10,0,2,0,35,0
15-11,5,47,1,9,0,2,0,36,1
15-11,6,76,1,19,1,4,0,53,0
15-11,7,118,0,28,0,11,0,79,0
15-11,8,176,2,55,2,16,0,105,0
15-11,9,146,0,26,0,16,0,104,0
15-12,0,98,0,14,0,2,0,82,0
15-12,1,46,0,10,0,3,0,33,0
15-12,10,150,0,37,0,8,0,105,0
15-12,11,138,1,35,1,11,0,92,0
15-12,12,136,0,31,0,14,0,91,0
15-12,13,176,1,52,1,12,0,112,0
15-12,14,217,1,54,1,22,0,141,0
15-12,15,191,1,51,1,11,0,129,0
15-12,16,229,1,65,1,25,0,139,0
15-12,17,313,2,126,2,23,0,164,0
15-12,18,240,1,96,0,16,0,128,1
15-12,19,236,0,90,0,24,0,122,0
15-12,2,35,0,3,0,2,0,30,0
15-12,20,223,0,57,0,26,0,140,0
15-12,21,138,0,38,0,13,0,87,0
15-12,22,129,3,37,2,12,0,80,1
15-12,23,131,1,22,1,13,0,96,0
15-12,3,37,1,3,0,3,0,31,1
15-12,4,49,0,4,0,2,0,43,0
15-12,5,49,2,12,1,1,0,36,1
15-12,6,77,0,33,0,4,0,40,0
15-12,7,84,0,33,0,4,0,47,0
15-12,8,155,0,42,0,6,0,107,0
15-12,9,121,1,37,1,7,0,77,0
16-01,0,79,0,19,0,3,0,58,0
16-01,1,47,0,7,0,3,0,37,0
16-01,10,123,0,36,0,5,0,82,0
16-01,11,120,1,34,0,8,0,78,1
16-01,12,109,0,30,0,7,0,72,0
16-01,13,179,2,42,2,14,0,123,0
16-01,14,154,0,48,0,12,0,94,0
16-01,15,172,0,62,0,7,0,103,0
16-01,16,170,0,46,0,10,0,114,0
16-01,17,211,2,65,1,13,1,135,0
16-01,18,228,1,93,1,16,0,120,0
16-01,19,142,0,57,0,8,0,79,0
16-01,2,44,0,15,0,0,0,29,0
16-01,20,137,0,44,0,19,0,75,0
16-01,21,107,0,28,0,6,0,73,0
16-01,22,79,0,20,0,5,0,54,0
16-01,23,72,1,13,1,3,0,56,0
16-01,3,43,0,7,0,1,0,35,0
16-01,4,45,2,10,1,1,0,34,1
16-01,5,58,1,7,0,1,0,50,1
16-01,6,68,0,22,0,0,0,46,0
16-01,7,85,0,29,0,3,0,53,0
16-01,8,155,0,49,0,3,0,103,0
16-01,9,105,2,35,1,4,1,66,0
16-02,0,79,1,20,1,3,0,56,0
16-02,1,43,0,8,0,1,0,34,0
16-02,10,97,2,36,2,4,0,57,0
16-02,11,117,0,40,0,7,0,70,0
16-02,12,115,1,31,0,7,0,77,1
16-02,13,138,0,39,0,10,0,89,0
16-02,14,190,0,62,0,11,0,117,0
16-02,15,148,0,48,0,9,0,91,0
16-02,16,153,0,48,0,12,0,93,0
16-02,17,165,1,53,0,10,1,102,0
16-02,18,177,2,81,1,15,1,81,0
16-02,19,197,0,79,0,17,0,101,0
16-02,2,36,0,14,0,0,0,22,0
16-02,20,137,1,59,1,12,0,66,0
16-02,21,86,0,32,0,7,0,47,0
16-02,22,97,0,26,0,6,0,65,0
16-02,23,88,1,18,1,3,0,67,0
16-02,3,36,0,3,0,1,0,32,0
16-02,4,22,3,4,2,0,0,18,1
16-02,5,45,0,14,0,0,0,31,0
16-02,6,66,1,19,1,4,0,43,0
16-02,7,88,0,28,0,2,0,58,0
16-02,8,168,1,56,1,3,0,109,0
16-02,9,135,0,35,0,4,0,96,0
16-03,0,60,0,15,0,8,0,33,0
16-03,1,55,0,10,0,2,0,39,0
16-03,10,130,0,31,0,7,0,90,0
16-03,11,167,0,35,0,14,0,100,0
16-03,12,154,0,26,0,14,0,104,0
16-03,13,172,0,39,0,13,0,110,0
16-03,14,195,0,41,0,22,0,114,0
16-03,15,219,0,44,0,16,0,155,0
16-03,16,226,0,55,0,21,0,134,0
16-03,17,234,1,46,1,21,0,147,0
16-03,18,200,0,48,0,17,0,122,0
16-03,19,216,1,50,1,17,0,136,0
16-03,2,54,1,6,0,0,0,48,1
16-03,20,214,0,62,0,18,0,115,0
16-03,21,145,2,32,1,23,0,88,1
16-03,22,121,0,26,0,8,0,73,0
16-03,23,94,0,19,0,9,0,53,0
16-03,3,45,1,6,1,1,0,29,0
16-03,4,45,1,13,1,3,0,29,0
16-03,5,57,0,8,0,3,0,46,0
16-03,6,76,0,17,0,3,0,54,0
16-03,7,131,0,35,0,6,0,85,0
16-03,8,194,1,52,1,17,0,116,0
16-03,9,161,0,48,0,13,0,99,0
16-04,0,110,0,24,0,5,0,69,0
16-04,1,78,0,4,0,8,0,54,0
16-04,10,165,0,35,0,14,0,113,0
16-04,11,184,0,32,0,9,0,129,0
16-04,12,194,0,47,0,21,0,111,0
16-04,13,182,0,36,0,19,0,126,0
16-04,14,240,0,63,0,23,0,141,0
16-04,15,229,0,39,0,25,0,155,0
16-04,16,245,0,48,0,20,0,163,0
16-04,17,292,0,66,0,23,0,188,0
16-04,18,211,1,61,1,19,0,121,0
16-04,19,162,0,35,0,18,0,101,0
16-04,2,45,0,8,0,1,0,36,0
16-04,20,200,0,45,0,21,0,125,0
16-04,21,149,1,31,1,17,0,90,0
16-04,22,155,0,30,0,15,0,106,0
16-04,23,145,0,16,0,17,0,104,0
16-04,3,51,0,5,0,4,0,37,0
16-04,4,63,0,8,0,3,0,53,0
16-04,5,47,0,9,0,2,0,32,0
16-04,6,71,1,10,0,2,0,57,1
16-04,7,154,1,29,0,6,1,104,0
16-04,8,191,2,45,1,13,1,127,0
16-04,9,132,2,28,1,8,0,88,0
16-05,0,151,0,20,0,10,0,121,0
16-05,1,47,0,8,0,3,0,36,0
16-05,10,160,2,32,1,13,0,116,1
16-05,11,134,2,21,0,13,0,100,2
16-05,12,171,1,40,1,13,0,117,0
16-05,13,194,2,27,1,19,0,147,1
16-05,14,219,1,45,0,17,0,157,1
16-05,15,239,0,53,0,13,0,173,0
16-05,16,257,0,43,0,19,0,195,0
16-05,17,230,1,45,0,30,1,155,0
16-05,18,269,0,44,0,41,0,184,0
16-05,19,188,0,42,0,31,0,115,0
16-05,2,62,2,11,2,2,0,49,0
16-05,20,174,0,38,0,25,0,111,0
16-05,21,182,1,37,0,18,1,127,0
16-05,22,161,0,29,0,13,0,120,0
16-05,23,131,0,21,0,13,0,97,0
16-05,3,40,0,11,0,2,0,27,0
16-05,4,75,0,11,0,1,0,62,0
16-05,5,53,0,8,0,2,0,43,0
16-05,6,96,0,9,0,6,0,81,0
16-05,7,90,0,24,0,10,0,57,0
16-05,8,177,1,33,1,14,0,130,0
16-05,9,153,1,32,1,11,0,110,0
16-06,0,112,0,14,0,13,0,85,0
16-06,1,51,0,8,0,3,0,40,0
16-06,10,130,0,19,0,13,0,98,0
16-06,11,139,1,30,1,13,0,94,0
16-06,12,164,0,45,0,17,0,101,0
16-06,13,162,0,29,0,12,0,118,0
16-06,14,223,0,35,0,12,0,177,0
16-06,15,178,0,35,0,18,0,124,0
16-06,16,191,1,37,1,18,0,135,0
16-06,17,223,1,38,1,30,0,155,0
16-06,18,233,0,40,0,39,0,152,0
16-06,19,183,2,17,0,34,1,133,1
16-06,2,40,0,4,0,1,0,35,0
16-06,20,117,1,29,1,18,0,70,0
16-06,21,108,1,31,1,16,0,62,0
16-06,22,118,1,20,1,20,0,78,0
16-06,23,86,0,19,0,10,0,58,0
16-06,3,44,1,5,1,4,0,34,0
16-06,4,50,1,9,0,0,0,42,1
16-06,5,43,0,3,0,0,0,40,0
16-06,6,47,1,6,0,4,1,37,0
16-06,7,95,0,22,0,8,0,65,0
16-06,8,163,0,31,0,19,0,114,0
16-06,9,131,0,19,0,17,0,95,0
16-07,0,149,1,26,0,15,1,88,0
16-07,1,99,0,9,0,10,0,71,0
16-07,10,127,0,20,0,14,0,86,0
16-07,11,141,1,27,1,13,0,96,0
16-07,12,166,0,26,0,21,0,115,0
16-07,13,174,1,26,0,15,0,130,1
16-07,14,207,0,30,0,20,0,150,0
16-07,15,202,0,37,0,22,0,130,0
16-07,16,238,0,33,0,26,0,165,0
16-07,17,258,1,39,0,27,0,184,1
16-07,18,228,0,38,0,39,0,146,0
16-07,19,159,0,26,0,20,0,99,0
16-07,2,66,1,8,1,3,0,49,0
16-07,20,184,0,30,0,25,0,121,0
16-07,21,139,0,25,0,27,0,81,0
16-07,22,170,0,28,0,17,0,112,0
16-07,23,102,0,14,0,12,0,70,0
16-07,3,45,0,6,0,4,0,35,0
16-07,4,50,0,3,0,1,0,44,0
16-07,5,60,0,2,0,2,0,50,0
16-07,6,87,0,12,0,5,0,66,0
16-07,7,72,0,17,0,7,0,42,0
16-07,8,96,1,23,0,7,1,62,0
16-07,9,108,0,31,0,13,0,65,0
16-08,0,150,2,33,2,25,0,103,0
16-08,1,59,0,12,0,5,0,43,0
16-08,10,125,1,41,1,11,0,81,0
16-08,11,149,1,22,1,27,0,106,0
16-08,12,160,0,28,0,24,0,114,0
16-08,13,198,1,29,1,27,0,156,0
16-08,14,194,1,40,1,31,0,137,0
16-08,15,210,1,37,1,27,0,154,0
16-08,16,219,0,42,0,33,0,159,0
16-08,17,219,1,40,1,40,0,146,0
16-08,18,224,0,45,0,41,0,145,0
16-08,19,162,0,40,0,29,0,105,0
16-08,2,59,0,8,0,5,0,47,0
16-08,20,162,0,41,0,35,0,97,0
16-08,21,167,1,38,1,31,0,107,0
16-08,22,132,0,19,0,19,0,100,0
16-08,23,119,1,13,0,12,1,98,0
16-08,3,32,0,3,0,2,0,27,0
16-08,4,36,0,2,0,2,0,37,0
16-08,5,47,0,6,0,2,0,39,0
16-08,6,39,0,6,0,2,0,35,0
16-08,7,72,1,13,1,5,0,58,0
16-08,8,145,0,36,0,21,0,102,0
16-08,9,129,1,45,1,18,0,79,0
16-09,0,136,0,27,0,24,0,97,0
16-09,1,61,0,10,0,2,0,53,0
16-09,10,133,1,24,1,16,0,102,0
16-09,11,120,1,22,1,21,0,82,0
16-09,12,140,1,20,1,18,0,106,0
16-09,13,146,0,30,0,22,0,103,0
16-09,14,215,0,56,0,22,0,149,0
16-09,15,206,0,38,0,28,0,150,0
16-09,16,236,0,53,0,32,0,164,0
16-09,17,209,0,38,0,28,0,156,0
16-09,18,241,0,49,0,32,0,170,0
16-09,19,178,2,43,2,40,0,108,0
16-09,2,34,0,4,0,3,0,27,0
16-09,20,174,1,54,1,32,0,105,0
16-09,21,161,0,29,0,33,0,104,0
16-09,22,116,0,26,0,12,0,86,0
16-09,23,97,0,8,0,13,0,81,0
16-09,3,41,0,6,0,2,0,34,0
16-09,4,46,1,5,0,4,0,42,1
16-09,5,47,0,6,0,7,0,38,0
16-09,6,61,3,12,3,13,0,46,0
16-09,7,116,0,27,0,11,0,83,0
16-09,8,198,0,49,0,16,0,147,0
16-09,9,149,0,33,0,23,0,105,0
16-10,0,110,0,33,0,8,0,76,0
16-10,1,51,0,11,0,9,0,37,0
16-10,10,97,2,25,1,6,0,70,1
16-10,11,129,0,35,0,12,0,86,0
16-10,12,156,1,30,1,17,0,119,0
16-10,13,173,0,40,0,20,0,119,0
16-10,14,188,1,44,1,22,0,133,0
16-10,15,173,0,43,0,22,0,116,0
16-10,16,229,2,54,2,33,0,149,0
16-10,17,215,1,54,1,32,0,139,0
16-10,18,179,0,61,0,22,0,107,0
16-10,19,198,0,82,0,21,0,107,0
16-10,2,44,0,12,0,5,0,30,0
16-10,20,163,0,47,0,26,0,96,0
16-10,21,151,2,44,1,22,0,90,1
16-10,22,114,0,32,0,15,0,73,0
16-10,23,89,0,12,0,14,0,67,0
16-10,3,39,0,6,0,2,0,33,0
16-10,4,38,0,10,0,3,0,25,0
16-10,5,47,0,14,0,2,0,35,0
16-10,6,74,0,25,0,1,0,49,0
16-10,7,85,0,25,0,14,0,54,0
16-10,8,146,0,52,0,15,0,92,0
16-10,9,149,1,38,1,13,0,105,0
16-11,0,106,0,28,0,8,0,72,0
16-11,1,56,0,12,0,1,0,49,0
16-11,10,129,2,41,2,10,0,83,0
16-11,11,154,0,33,0,8,0,117,0
16-11,12,143,1,46,1,17,0,88,0
16-11,13,158,0,37,0,23,0,101,0
16-11,14,177,0,57,0,17,0,109,0
16-11,15,154,1,44,0,9,0,110,1
16-11,16,169,1,48,1,17,0,110,0
16-11,17,231,2,83,2,17,0,143,0
16-11,18,212,0,73,0,39,0,111,0
16-11,19,211,0,65,0,26,0,131,0
16-11,2,44,0,8,0,4,0,32,0
16-11,20,203,0,51,0,21,0,139,0
16-11,21,104,0,27,0,12,0,68,0
16-11,22,124,1,32,1,6,0,89,0
16-11,23,97,0,24,0,5,0,75,0
16-11,3,34,0,4,0,3,0,28,0
16-11,4,60,0,16,0,2,0,46,0
16-11,5,43,0,10,0,3,0,31,0
16-11,6,79,0,25,0,4,0,54,0
16-11,7,120,0,28,0,8,0,88,0
16-11,8,175,0,59,0,8,0,118,0
16-11,9,107,0,39,0,6,0,65,0
16-12,0,102,0,19,0,5,0,83,0
16-12,1,54,0,7,0,1,0,47,0
16-12,10,101,0,20,0,6,0,77,0
16-12,11,140,2,34,2,7,0,107,0
16-12,12,150,2,37,1,9,0,112,1
16-12,13,165,0,53,0,12,0,110,0
16-12,14,155,0,46,0,7,0,109,0
16-12,15,159,0,33,0,13,0,117,0
16-12,16,167,1,43,1,11,0,123,0
16-12,17,210,0,79,0,11,0,135,0
16-12,18,225,0,99,0,22,0,120,0
16-12,19,210,1,77,1,15,0,128,0
16-12,2,38,1,13,0,0,0,28,1
16-12,20,156,1,48,1,16,0,99,0
16-12,21,109,0,20,0,5,0,87,0
16-12,22,96,1,19,1,6,0,73,0
16-12,23,95,0,19,0,5,0,75,0
16-12,3,37,0,5,0,0,0,33,0
16-12,4,57,1,4,1,2,0,52,0
16-12,5,47,0,14,0,1,0,34,0
16-12,6,80,1,35,0,5,1,42,0
16-12,7,81,0,29,0,7,0,51,0
16-12,8,146,1,36,0,4,0,113,1
16-12,9,111,0,31,0,6,0,79,0
17-01,0,85,0,33,0,10,0,63,0
17-01,1,35,0,11,0,0,0,33,0
17-01,10,80,1,25,1,14,0,65,0
17-01,11,91,0,26,0,9,0,80,0
17-01,12,114,0,47,0,13,0,89,0
17-01,13,178,0,58,0,18,0,143,0
17-01,14,162,0,41,0,11,0,152,0
17-01,15,173,0,44,0,8,0,152,0
17-01,16,167,0,66,0,13,0,135,0
17-01,17,192,2,133,2,16,0,105,0
17-01,18,246,0,175,0,31,0,120,0
17-01,19,183,1,106,1,25,0,121,0
17-01,2,40,1,7,1,1,0,45,0
17-01,20,124,1,71,1,19,0,70,0
17-01,21,103,1,41,1,8,0,76,0
17-01,22,81,0,43,0,5,0,66,0
17-01,23,98,1,38,1,3,0,87,0
17-01,3,35,1,4,0,0,0,39,1
17-01,4,56,0,5,0,3,0,59,0
17-01,5,41,1,9,1,2,0,38,0
17-01,6,64,1,32,1,3,0,51,0
17-01,7,83,0,34,0,2,0,72,0
17-01,8,153,0,47,0,8,0,132,0
17-01,9,107,0,42,0,5,0,91,0
17-02,0,86,0,19,0,2,0,67,0
17-02,1,40,0,13,0,1,0,27,0
17-02,10,96,0,19,0,4,0,76,0
17-02,11,121,0,34,0,11,0,79,0
17-02,12,129,1,28,1,7,0,96,0
17-02,13,105,0,22,0,7,0,76,0
17-02,14,157,0,41,0,5,0,113,0
17-02,15,129,1,40,0,12,0,80,1
17-02,16,152,2,39,2,7,0,109,0
17-02,17,118,0,37,0,12,0,73,0
17-02,18,152,0,65,0,13,0,77,0
17-02,19,165,0,56,0,16,0,94,0
17-02,2,21,0,2,0,2,0,17,0
17-02,20,128,0,35,0,13,0,80,0
17-02,21,83,0,23,0,8,0,56,0
17-02,22,113,0,19,0,11,0,84,0
17-02,23,71,0,17,0,3,0,46,0
17-02,3,36,0,5,0,1,0,30,0
17-02,4,29,1,5,0,1,0,23,1
17-02,5,40,1,4,1,1,0,35,0
17-02,6,63,0,12,0,5,0,47,0
17-02,7,71,0,19,0,2,0,53,0
17-02,8,139,0,45,0,8,0,90,0
17-02,9,117,0,27,0,6,0,88,0
17-03,0,97,0,25,0,11,0,61,0
17-03,1,34,0,9,0,1,0,24,0
17-03,10,106,0,27,0,10,0,69,0
17-03,11,123,0,31,0,12,0,81,0
17-03,12,137,0,48,0,11,0,79,0
17-03,13,137,0,40,0,8,0,90,0
17-03,14,165,0,39,0,12,0,114,0
17-03,15,145,1,42,1,3,0,100,0
17-03,16,211,1,42,0,14,0,155,1
17-03,17,183,1,51,0,14,1,118,0
17-03,18,164,1,50,1,11,0,103,0
17-03,19,119,1,40,1,14,0,66,0
17-03,2,20,0,2,0,3,0,15,0
17-03,20,157,1,43,1,9,0,105,0
17-03,21,126,0,41,0,4,0,81,0
17-03,22,128,1,28,1,8,0,92,0
17-03,23,82,0,15,0,2,0,65,0
17-03,3,32,0,1,0,2,0,29,0
17-03,4,53,1,7,0,0,0,46,1
17-03,5,35,0,11,0,0,0,24,0
17-03,6,39,0,18,0,1,0,20,0
17-03,7,66,0,15,0,1,0,50,0
17-03,8,207,0,76,0,8,0,123,0
17-03,9,131,1,36,1,6,0,89,0
17-04,0,94,0,23,0,11,0,60,0
17-04,1,40,0,5,0,4,0,31,0
17-04,10,111,1,24,0,6,0,81,1
17-04,11,98,0,27,0,8,0,63,0
17-04,12,116,0,26,0,13,0,78,0
17-04,13,145,0,28,0,16,0,103,0
17-04,14,181,1,43,0,26,0,113,1
17-04,15,214,2,43,1,20,0,151,1
17-04,16,193,0,54,0,18,0,122,0
17-04,17,156,0,41,0,15,0,99,0
17-04,18,180,0,34,0,22,0,124,0
17-04,19,122,2,21,1,12,0,89,1
17-04,2,35,1,1,0,2,0,32,1
17-04,20,140,1,38,0,20,0,82,1
17-04,21,102,2,23,2,11,0,68,0
17-04,22,124,0,13,0,12,0,99,0
17-04,23,99,1,11,0,4,1,84,0
17-04,3,33,1,2,0,3,0,28,1
17-04,4,47,0,5,0,1,0,41,0
17-04,5,34,0,3,0,3,0,28,0
17-04,6,56,0,14,0,5,0,37,0
17-04,7,84,1,12,0,3,1,69,0
17-04,8,116,0,25,0,6,0,85,0
17-04,9,102,0,24,0,3,0,76,0
17-05,0,112,0,20,0,10,0,82,0
17-05,1,50,0,5,0,5,0,40,0
17-05,10,123,0,23,0,12,0,88,0
17-05,11,155,1,64,1,7,0,85,0
17-05,12,168,1,39,1,14,0,116,0
17-05,13,161,0,39,0,16,0,103,0
17-05,14,192,0,60,0,23,0,109,0
17-05,15,198,0,56,0,22,0,120,0
17-05,16,238,0,43,0,25,0,171,0
17-05,17,274,0,50,0,35,0,189,0
17-05,18,236,2,47,1,29,1,160,0
17-05,19,174,0,28,0,30,0,116,0
17-05,2,44,0,9,0,6,0,29,0
17-05,20,140,0,27,0,14,0,99,0
17-05,21,132,0,35,0,13,0,84,0
17-05,22,152,0,23,0,11,0,118,0
17-05,23,152,1,19,1,18,0,115,0
17-05,3,33,0,3,0,1,0,29,0
17-05,4,59,0,6,0,2,0,51,0
17-05,5,42,0,8,0,0,0,34,0
17-05,6,66,0,13,0,4,0,49,0
17-05,7,113,0,29,0,9,0,75,0
17-05,8,154,0,35,0,13,0,106,0
17-05,9,137,0,32,0,17,0,88,0
17-06,0,153,3,20,0,21,1,112,2
17-06,1,48,0,8,0,4,0,36,0
17-06,10,122,0,20,0,15,0,87,0
17-06,11,123,0,30,0,20,0,74,0
17-06,12,187,0,42,0,22,0,123,0
17-06,13,197,2,55,1,21,1,121,0
17-06,14,219,0,31,0,29,0,159,0
17-06,15,228,0,43,0,17,0,168,0
17-06,16,221,1,43,0,28,0,149,1
17-06,17,263,0,38,0,42,0,184,0
17-06,18,220,1,47,1,38,0,135,0
17-06,19,218,0,33,0,25,0,160,0
17-06,2,44,1,5,1,1,0,38,0
17-06,20,165,1,27,0,22,0,116,1
17-06,21,153,0,29,0,25,0,99,0
17-06,22,143,1,22,1,14,0,107,0
17-06,23,117,0,12,0,13,0,92,0
17-06,3,35,2,3,1,3,1,29,0
17-06,4,43,0,7,0,3,0,33,0
17-06,5,35,1,3,0,2,0,30,1
17-06,6,81,0,6,0,5,0,70,0
17-06,7,83,0,18,0,13,0,52,0
17-06,8,166,0,49,0,11,0,107,0
17-06,9,174,0,25,0,21,0,128,0
17-07,0,118,1,26,0,17,1,75,0
17-07,1,71,0,12,0,5,0,54,0
17-07,10,142,1,21,1,18,0,103,0
17-07,11,154,0,26,0,19,0,110,0
17-07,12,159,1,24,0,22,0,113,1
17-07,13,168,0,31,0,19,0,121,0
17-07,14,182,2,37,2,28,0,117,0
17-07,15,216,3,32,2,28,0,156,1
17-07,16,214,0,34,0,32,0,148,0
17-07,17,203,2,32,1,28,1,143,0
17-07,18,248,0,33,0,38,0,177,0
17-07,19,173,0,31,0,26,0,116,0
17-07,2,54,1,2,0,7,0,45,1
17-07,20,142,0,23,0,24,0,95,0
17-07,21,210,3,37,2,25,0,148,1
17-07,22,132,0,24,0,15,0,93,0
17-07,23,124,0,18,0,17,0,89,0
17-07,3,37,0,5,0,1,0,31,0
17-07,4,37,1,9,1,4,0,24,0
17-07,5,39,0,4,0,1,0,34,0
17-07,6,34,0,7,0,3,0,25,0
17-07,7,79,0,10,0,8,0,61,0
17-07,8,123,0,22,0,16,0,85,0
17-07,9,129,0,24,0,24,0,81,0
17-08,0,119,1,13,1,12,0,94,0
17-08,1,67,0,10,0,5,0,52,0
17-08,10,96,1,23,0,10,0,63,1
17-08,11,148,0,29,0,16,0,103,0
17-08,12,128,1,25,1,13,0,90,0
17-08,13,165,1,23,0,18,0,126,1
17-08,14,192,1,26,0,14,0,152,2
17-08,15,187,0,27,0,19,0,141,0
17-08,16,207,0,33,0,28,0,146,0
17-08,17,203,0,33,0,32,0,138,0
17-08,18,222,0,32,0,27,0,164,0
17-08,19,142,0,34,0,28,0,80,0
17-08,2,21,1,3,0,4,0,14,1
17-08,20,163,1,39,0,25,0,99,1
17-08,21,147,0,34,0,20,0,93,0
17-08,22,136,2,18,1,19,1,99,0
17-08,23,107,1,17,1,14,0,76,0
17-08,3,27,0,3,0,2,0,22,0
17-08,4,32,1,6,1,1,0,25,0
17-08,5,32,1,4,1,1,0,27,0
17-08,6,54,1,5,0,3,0,46,1
17-08,7,69,1,17,0,8,1,44,0
17-08,8,114,0,25,0,11,0,78,0
17-08,9,107,0,28,0,18,0,61,0
17-09,0,104,0,21,0,8,0,75,0
17-09,1,36,0,7,0,8,0,21,0
17-09,10,152,0,31,0,18,0,103,0
17-09,11,141,0,27,0,25,0,89,0
17-09,12,123,0,27,0,13,0,84,0
17-09,13,177,0,43,0,22,0,113,0
17-09,14,169,1,36,1,25,0,108,0
17-09,15,199,0,49,0,28,0,122,0
17-09,16,203,0,50,0,19,0,135,0
17-09,17,213,1,48,0,33,1,133,0
17-09,18,155,1,38,0,24,1,93,0
17-09,19,122,1,29,1,13,0,81,0
17-09,2,35,0,11,0,5,0,19,0
17-09,20,143,0,30,0,25,0,88,0
17-09,21,136,0,22,0,21,0,94,0
17-09,22,107,0,19,0,16,0,72,0
17-09,23,105,1,17,0,13,0,75,1
17-09,3,28,1,4,1,2,0,22,0
17-09,4,48,0,3,0,4,0,41,0
17-09,5,52,0,8,0,4,0,40,0
17-09,6,71,3,13,2,4,0,54,1
17-09,7,85,1,22,0,14,1,50,0
17-09,8,173,0,49,0,11,0,113,0
17-09,9,130,1,26,0,18,1,86,0
17-10,0,89,0,19,0,7,0,63,0
17-10,1,34,0,7,0,4,0,23,0
17-10,10,112,0,28,0,14,0,71,0
17-10,11,93,0,32,0,5,0,56,0
17-10,12,138,3,29,3,26,0,83,0
17-10,13,137,0,33,0,21,0,83,0
17-10,14,151,0,42,0,18,0,93,0
17-10,15,169,8,57,8,20,2,93,0
17-10,16,201,2,51,1,21,0,129,1
17-10,17,180,0,52,0,22,0,106,0
17-10,18,157,0,32,0,23,0,102,0
17-10,19,234,1,50,0,26,0,161,1
17-10,2,37,0,2,0,0,0,35,0
17-10,20,188,0,43,0,24,0,121,0
17-10,21,110,0,28,0,9,0,73,0
17-10,22,146,1,22,0,20,1,106,0
17-10,23,77,1,16,1,8,0,53,0
17-10,3,41,0,5,0,1,0,35,0
17-10,4,51,0,9,0,0,0,42,0
17-10,5,28,0,7,0,3,0,18,0
17-10,6,69,2,27,1,8,0,34,1
17-10,7,113,0,32,0,5,0,76,0
17-10,8,215,0,59,0,17,0,139,0
17-10,9,145,0,46,0,7,0,92,0
17-11,0,106,1,29,1,5,0,72,0
17-11,1,53,1,4,1,1,0,48,0
17-11,10,110,0,22,0,6,0,82,0
17-11,11,103,0,28,0,12,0,63,0
17-11,12,105,0,20,0,15,0,70,0
17-11,13,135,1,28,0,13,1,94,0
17-11,14,171,1,41,0,21,1,109,0
17-11,15,187,0,45,0,15,0,127,0
17-11,16,183,0,45,0,12,0,126,0
17-11,17,275,2,89,0,27,1,159,2
17-11,18,226,1,80,0,18,0,128,1
17-11,19,161,0,51,0,18,0,93,0
17-11,2,26,0,4,0,1,0,21,0
17-11,20,138,0,41,0,15,0,82,0
17-11,21,128,0,26,0,15,0,87,0
17-11,22,117,1,21,0,7,0,89,1
17-11,23,80,0,12,0,4,0,64,0
17-11,3,20,1,3,1,1,0,16,0
17-11,4,43,0,6,0,2,0,35,0
17-11,5,37,0,5,0,1,0,31,0
17-11,6,67,1,19,1,6,0,42,0
17-11,7,123,1,32,0,8,0,84,1
17-11,8,165,0,38,0,10,0,117,0
17-11,9,165,0,29,0,11,0,125,0
17-12,0,109,0,16,0,6,0,87,0
17-12,1,46,0,10,0,3,0,33,0
17-12,10,96,0,28,0,6,0,62,0
17-12,11,134,0,38,0,1,0,95,0
17-12,12,131,0,37,0,9,0,85,0
17-12,13,152,0,36,0,7,0,109,0
17-12,14,181,1,47,0,6,0,128,1
17-12,15,174,0,46,0,11,0,117,0
17-12,16,179,0,46,0,13,0,120,0
17-12,17,240,0,85,0,16,0,139,0
17-12,18,195,1,81,1,21,0,93,0
17-12,19,196,1,48,1,10,0,138,0
17-12,2,44,0,6,0,2,0,36,0
17-12,20,123,0,31,0,11,0,81,0
17-12,21,142,1,40,1,8,0,94,0
17-12,22,131,1,18,1,10,0,103,0
17-12,23,94,0,20,0,1,0,73,0
17-12,3,39,0,4,0,1,0,34,0
17-12,4,48,1,13,1,2,0,33,0
17-12,5,45,0,7,0,3,0,35,0
17-12,6,67,2,21,2,5,0,41,0
17-12,7,87,1,25,0,3,1,59,0
17-12,8,145,0,26,0,3,0,116,0
17-12,9,128,0,38,0,6,0,84,0
18-01,0,93,0,18,0,7,0,68,0
18-01,1,32,0,7,0,2,0,23,0
18-01,10,112,0,36,0,3,0,73,0
18-01,11,107,0,37,0,2,0,68,0
18-01,12,102,0,25,0,5,0,72,0
18-01,13,105,1,37,1,7,0,61,0
18-01,14,172,0,52,0,8,0,112,0
18-01,15,198,0,56,0,12,0,130,0
18-01,16,174,2,47,0,5,0,122,2
18-01,17,183,1,73,0,15,1,95,0
18-01,18,194,1,67,1,12,0,115,0
18-01,19,148,0,42,0,12,0,94,0
18-01,2,31,0,6,0,2,0,23,0
18-01,20,130,0,36,0,10,0,84,0
18-01,21,116,0,22,0,7,0,87,0
18-01,22,94,1,23,1,10,0,61,0
18-01,23,80,0,14,0,4,0,62,0
18-01,3,35,0,3,0,1,0,31,0
18-01,4,32,0,7,0,1,0,24,0
18-01,5,41,0,13,0,0,0,28,0
18-01,6,69,0,27,0,2,0,40,0
18-01,7,69,1,20,1,1,0,48,0
18-01,8,160,0,41,0,8,0,111,0
18-01,9,152,1,44,0,8,0,100,1
18-02,0,87,1,24,0,2,0,61,1
18-02,1,31,0,5,0,1,0,25,0
18-02,10,68,0,24,0,2,0,42,0
18-02,11,97,0,21,0,5,0,71,0
18-02,12,112,0,21,0,9,0,82,0
18-02,13,127,0,20,0,7,0,100,0
18-02,14,147,1,41,1,10,0,96,0
18-02,15,161,2,41,1,6,0,114,1
18-02,16,144,0,44,0,7,0,93,0
18-02,17,155,0,52,0,7,0,96,0
18-02,18,214,3,79,2,18,0,117,1
18-02,19,158,1,71,1,8,0,79,0
18-02,2,35,1,4,0,0,0,31,1
18-02,20,112,1,40,1,7,0,65,0
18-02,21,106,1,29,1,11,0,66,0
18-02,22,85,0,23,0,3,0,59,0
18-02,23,82,0,16,0,7,0,59,0
18-02,3,27,0,7,0,2,0,18,0
18-02,4,24,0,6,0,1,0,17,0
18-02,5,34,0,11,0,3,0,20,0
18-02,6,66,0,27,0,0,0,39,0
18-02,7,67,0,24,0,2,0,41,0
18-02,8,142,0,35,0,7,0,100,0
18-02,9,109,0,31,0,8,0,70,0
18-03,0,114,0,25,0,2,0,87,0
18-03,1,34,0,9,0,1,0,24,0
18-03,10,110,2,38,1,4,0,68,1
18-03,11,113,0,33,0,4,0,76,0
18-03,12,158,2,39,2,2,0,117,0
18-03,13,131,0,27,0,10,0,94,0
18-03,14,164,1,53,0,7,0,104,1
18-03,15,196,0,47,0,14,0,135,0
18-03,16,203,0,42,0,15,0,146,0
18-03,17,204,0,40,0,21,0,142,0
18-03,18,161,0,46,0,10,0,105,0
18-03,19,160,0,44,0,13,0,103,0
18-03,2,46,0,4,0,1,0,41,0
18-03,20,132,0,43,0,10,0,79,0
18-03,21,139,1,30,1,14,0,95,0
18-03,22,107,0,18,0,9,0,80,0
18-03,23,95,0,20,0,2,0,73,0
18-03,3,38,0,5,0,1,0,32,0
18-03,4,24,0,6,0,0,0,18,0
18-03,5,40,3,9,2,2,0,29,1
18-03,6,62,0,18,0,3,0,41,0
18-03,7,81,0,22,0,6,0,53,0
18-03,8,187,0,57,0,11,0,119,0
18-03,9,122,0,41,0,5,0,76,0
18-04,0,82,0,25,0,0,0,56,0
18-04,1,34,0,4,0,3,0,27,0
18-04,10,83,0,22,0,5,0,56,0
18-04,11,125,0,28,0,10,0,87,0
18-04,12,111,0,22,0,15,0,74,0
18-04,13,132,2,35,1,5,0,91,1
18-04,14,152,0,33,0,7,0,112,0
18-04,15,161,0,38,0,15,0,108,0
18-04,16,191,0,29,0,23,0,140,0
18-04,17,173,0,35,0,16,0,122,0
18-04,18,182,0,34,0,20,0,128,0
18-04,19,117,0,17,0,12,0,87,0
18-04,2,27,0,7,0,0,0,20,0
18-04,20,117,0,39,0,16,0,62,0
18-04,21,123,0,21,0,14,0,88,0
18-04,22,88,1,17,1,9,0,62,0
18-04,23,67,0,14,0,3,0,47,0
18-04,3,30,1,3,0,1,0,26,1
18-04,4,41,0,8,0,1,0,31,0
18-04,5,33,0,4,0,0,0,29,0
18-04,6,60,0,8,0,0,0,50,0
18-04,7,101,0,19,0,6,0,74,0
18-04,8,152,0,36,0,7,0,109,0
18-04,9,108,0,21,0,4,0,83,0
